Stock URL,Stock Name,Stock Index,Isin Code,Market/Segment,Sector,Ftse Indices
https://www.borsaitaliana.it/borsa/azioni/scheda/IT0001233417.html?lang=en,A2a,A2A,IT0001233417,MTA,Utilities,"FTSE All-Share Capped, FTSE Italia All-Share, FTSE MIB, FTSE Italia All-Share Utilities, FTSE Italia All-Share Utilities"
https://www.borsaitaliana.it/borsa/azioni/aim-italia/scheda/IT0005338493.html?lang=en,Abitare In,ABT,IT0005338493,AIM ITALIA,,FTSE AIM Italia
https://www.borsaitaliana.it/borsa/azioni/scheda/IT0001207098.html?lang=en,Acea,ACE,IT0001207098,MTA,Utilities,"FTSE All-Share Capped, FTSE Italia All-Share, FTSE Italia Mid Cap, FTSE Italia All-Share Utilities, FTSE Italia All-Share Utilities"
https://www.borsaitaliana.it/borsa/azioni/scheda/IT0001469953.html?lang=en,Acotel Group,ACO,IT0001469953,MTA,Telecommunications,"FTSE All-Share Capped, FTSE Italia All-Share, FTSE Italia Small Cap, FTSE Italia All-Share Telecommunications, FTSE Italia All-Share Telecommunications"
https://www.borsaitaliana.it/borsa/azioni/scheda/IT0001382024.html?lang=en,Acsm-Agam,ACS,IT0001382024,MTA,Utilities,
https://www.borsaitaliana.it/borsa/azioni/global-equity-market/scheda/DE000A1EWWW0.html?lang=en,Adidas,ADS,DE000A1EWWW0,GLOBAL EQUITY MARKET,,
https://www.borsaitaliana.it/borsa/azioni/global-equity-market/scheda/US0079031078.html?lang=en,Advanced Micro Devices,AMD,US0079031078,GLOBAL EQUITY MARKET,,
https://www.borsaitaliana.it/borsa/azioni/scheda/IT0005350449.html?lang=en,Aedes,AED,IT0005350449,MTA,Real Estate,"FTSE All-Share Capped, FTSE Italia All-Share, FTSE Italia Small Cap, FTSE Italia All-Share Financials, FTSE Italia Real Estate"
https://www.borsaitaliana.it/borsa/azioni/scheda/IT0001384590.html?lang=en,Aeffe,AEF,IT0001384590,STAR,Personal & Household Goods,"FTSE All-Share Capped, FTSE Italia All-Share, FTSE Italia STAR, FTSE Italia Small Cap, FTSE Italia All-Share Consumer Goods, FTSE Italia All-Share Personal and Household Goods"
https://www.borsaitaliana.it/borsa/azioni/global-equity-market/scheda/NL0000303709.html?lang=en,Aegon,AGN,NL0000303709,GLOBAL EQUITY MARKET,,
https://www.borsaitaliana.it/borsa/azioni/scheda/IT0001006128.html?lang=en,Aeroporto Guglielmo Marconi Di Bologna,ADB,IT0001006128,STAR,Industrial Goods & Services,"FTSE All-Share Capped, FTSE Italia All-Share, FTSE Italia STAR, FTSE Italia Small Cap, FTSE Italia All-Share Industrials, FTSE Italia All-Share Industrial Goods and Services"
https://www.borsaitaliana.it/borsa/azioni/aim-italia/scheda/IT0005421919.html?lang=en,Agatos,AGA,IT0005421919,AIM ITALIA,,FTSE AIM Italia
https://www.borsaitaliana.it/borsa/azioni/obbligazioni-convertibili/scheda/IT0005256059.html?lang=en,"Agatos 4,75% Cv 2017-2026",AGA26,IT0005256059,,,
https://www.borsaitaliana.it/borsa/azioni/global-equity-market/scheda/BE0974264930.html?lang=en,Ageas,AGS,BE0974264930,GLOBAL EQUITY MARKET,,
https://www.borsaitaliana.it/borsa/azioni/global-equity-market/scheda/NL0011794037.html?lang=en,Ahold Del,AD,NL0011794037,GLOBAL EQUITY MARKET,,
https://www.borsaitaliana.it/borsa/azioni/global-equity-market/scheda/FR0000031122.html?lang=en,Air France-Klm,AF,FR0000031122,GLOBAL EQUITY MARKET,,
https://www.borsaitaliana.it/borsa/azioni/global-equity-market/scheda/FR0000120073.html?lang=en,Air Liquide,AI,FR0000120073,GLOBAL EQUITY MARKET,,
https://www.borsaitaliana.it/borsa/azioni/global-equity-market/scheda/NL0000235190.html?lang=en,Airbus,AIR,NL0000235190,GLOBAL EQUITY MARKET,,
https://www.borsaitaliana.it/borsa/azioni/scheda/IT0004720733.html?lang=en,Alerion Cleanpower,ARN,IT0004720733,MTA,Utilities,"FTSE All-Share Capped, FTSE Italia All-Share, FTSE Italia Small Cap, FTSE Italia All-Share Utilities, FTSE Italia All-Share Utilities"
https://www.borsaitaliana.it/borsa/azioni/aim-italia/scheda/IT0005244030.html?lang=en,Alfio Bardolla,ABTG,IT0005244030,AIM ITALIA,,FTSE AIM Italia
https://www.borsaitaliana.it/borsa/azioni/scheda/IT0001268561.html?lang=en,B&C Speakers,BEC,IT0001268561,STAR,Personal & Household Goods,"FTSE All-Share Capped, FTSE Italia All-Share, FTSE Italia STAR, FTSE Italia Small Cap, FTSE Italia All-Share Consumer Goods, FTSE Italia All-Share Personal and Household Goods"
https://www.borsaitaliana.it/borsa/azioni/scheda/IT0005187460.html?lang=en,B.F.,BFG,IT0005187460,MTA,Food & Beverage,"FTSE All-Share Capped, FTSE Italia All-Share, FTSE Italia Mid Cap, FTSE Italia All-Share Consumer Goods, FTSE Italia All-Share Food and Beverage"
https://www.borsaitaliana.it/borsa/azioni/scheda/IT0005108763.html?lang=en,Banca Carige,CRG,IT0005108763,MTA,Banks,
https://www.borsaitaliana.it/borsa/azioni/scheda/IT0005108771.html?lang=en,Banca Carige Rsp,CRGR,IT0005108771,MTA,Banks,
https://www.borsaitaliana.it/borsa/azioni/scheda/IT0005244402.html?lang=en,Banca Farmafactoring,BFF,IT0005244402,MTA,Financial Services,"FTSE All-Share Capped, FTSE Italia All-Share, FTSE Italia Mid Cap, FTSE Italia All-Share Financials, FTSE Italia All-Share Financial Services"
https://www.borsaitaliana.it/borsa/azioni/scheda/IT0000088853.html?lang=en,Banca Finnat,BFE,IT0000088853,STAR,Banks,"FTSE All-Share Capped, FTSE Italia All-Share, FTSE Italia STAR, FTSE Italia Small Cap, FTSE Italia All-Share Financials, FTSE Italia All-Share Banks"
https://www.borsaitaliana.it/borsa/azioni/scheda/IT0001031084.html?lang=en,Banca Generali,BGN,IT0001031084,MTA,Banks,"FTSE All-Share Capped, FTSE Italia All-Share, FTSE MIB, FTSE Italia All-Share Financials, FTSE Italia All-Share Banks"
https://www.borsaitaliana.it/borsa/azioni/scheda/IT0003188064.html?lang=en,Banca Ifis,IF,IT0003188064,STAR,Financial Services,"FTSE All-Share Capped, FTSE Italia All-Share, FTSE Italia Mid Cap, FTSE Italia STAR, FTSE Italia All-Share Financials, FTSE Italia All-Share Financial Services"
https://www.borsaitaliana.it/borsa/azioni/scheda/IT0000074077.html?lang=en,Banca Intermobiliare,BIM,IT0000074077,MTA,Financial Services,"FTSE All-Share Capped, FTSE Italia All-Share, FTSE Italia Small Cap, FTSE Italia All-Share Financials, FTSE Italia All-Share Financial Services"
https://www.borsaitaliana.it/borsa/azioni/scheda/IT0004776628.html?lang=en,Banca Mediolanum,BMED,IT0004776628,MTA,Financial Services,"FTSE All-Share Capped, FTSE Italia All-Share, FTSE MIB, FTSE Italia All-Share Financials, FTSE Italia All-Share Financial Services"
https://www.borsaitaliana.it/borsa/azioni/scheda/IT0005218752.html?lang=en,Banca Monte Paschi Siena,BMPS,IT0005218752,MTA,Banks,"FTSE All-Share Capped, FTSE Italia All-Share, FTSE Italia Mid Cap, FTSE Italia All-Share Financials, FTSE Italia All-Share Banks"
https://www.borsaitaliana.it/borsa/azioni/scheda/IT0000784196.html?lang=en,Banca Pop Sondrio,BPSO,IT0000784196,MTA,Banks,"FTSE All-Share Capped, FTSE Italia All-Share, FTSE Italia Mid Cap, FTSE Italia All-Share Financials, FTSE Italia All-Share Banks"
https://www.borsaitaliana.it/borsa/azioni/scheda/IT0001073045.html?lang=en,Banca Profilo,PRO,IT0001073045,MTA,Banks,"FTSE All-Share Capped, FTSE Italia All-Share, FTSE Italia Small Cap, FTSE Italia All-Share Financials, FTSE Italia All-Share Banks"
https://www.borsaitaliana.it/borsa/azioni/scheda/IT0003173629.html?lang=en,Banca Sistema,BST,IT0003173629,STAR,Banks,"FTSE All-Share Capped, FTSE Italia All-Share, FTSE Italia STAR, FTSE Italia Small Cap, FTSE Italia All-Share Financials, FTSE Italia All-Share Banks"
https://www.borsaitaliana.it/borsa/azioni/scheda/IT0005218380.html?lang=en,Banco Bpm,BAMI,IT0005218380,MTA,Banks,"FTSE All-Share Capped, FTSE Italia All-Share, FTSE MIB, FTSE Italia All-Share Financials, FTSE Italia All-Share Banks"
https://www.borsaitaliana.it/borsa/azioni/scheda/IT0001041000.html?lang=en,Banco Di Desio E Brianza,BDB,IT0001041000,MTA,Banks,"FTSE All-Share Capped, FTSE Italia All-Share, FTSE Italia Small Cap, FTSE Italia All-Share Financials, FTSE Italia All-Share Banks"
https://www.borsaitaliana.it/borsa/azioni/scheda/IT0001281374.html?lang=en,Banco Di Desio E Brianza Rsp,BDBR,IT0001281374,MTA,Banks,
https://www.borsaitaliana.it/borsa/azioni/global-equity-market/scheda/ES0113900J37.html?lang=en,Banco Santander,SANT,ES0113900J37,GLOBAL EQUITY MARKET,,
https://www.borsaitaliana.it/borsa/azioni/global-equity-market/scheda/DE000BASF111.html?lang=en,Basf,BASF,DE000BASF111,GLOBAL EQUITY MARKET,,
https://www.borsaitaliana.it/borsa/azioni/scheda/IT0001033700.html?lang=en,Basicnet,BAN,IT0001033700,MTA,Personal & Household Goods,"FTSE All-Share Capped, FTSE Italia All-Share, FTSE Italia Small Cap, FTSE Italia All-Share Consumer Services, FTSE Italia All-Share Retail"
https://www.borsaitaliana.it/borsa/azioni/scheda/IT0004329733.html?lang=en,Cairo Communication,CAI,IT0004329733,STAR,Media,"FTSE All-Share Capped, FTSE Italia All-Share, FTSE Italia STAR, FTSE Italia Small Cap, FTSE Italia All-Share Consumer Services, FTSE Italia All-Share Media"
https://www.borsaitaliana.it/borsa/azioni/scheda/IT0003025019.html?lang=en,Caleffi,CLF,IT0003025019,MTA,Personal & Household Goods,"FTSE All-Share Capped, FTSE Italia All-Share, FTSE Italia Small Cap, FTSE Italia All-Share Consumer Goods, FTSE Italia All-Share Personal and Household Goods"
https://www.borsaitaliana.it/borsa/azioni/aim-italia/scheda/IT0005083727.html?lang=en,Caleido Group,CLG,IT0005083727,AIM ITALIA,,FTSE AIM Italia
https://www.borsaitaliana.it/borsa/azioni/scheda/IT0003127930.html?lang=en,Caltagirone,CALT,IT0003127930,MTA,Construction & Materials,"FTSE All-Share Capped, FTSE Italia All-Share, FTSE Italia Small Cap, FTSE Italia All-Share Industrials, FTSE Italia All-Share Construction and Materials"
https://www.borsaitaliana.it/borsa/azioni/scheda/IT0001472171.html?lang=en,Caltagirone Editore,CED,IT0001472171,MTA,Media,
https://www.borsaitaliana.it/borsa/azioni/scheda/NL0015435975.html?lang=en,Campari,CPR,NL0015435975,MTA,Food & Beverage,"FTSE All-Share Capped, FTSE Italia All-Share, FTSE MIB, FTSE Italia All-Share Consumer Goods, FTSE Italia All-Share Food and Beverage"
https://www.borsaitaliana.it/borsa/azioni/aim-italia/scheda/IT0005276602.html?lang=en,Capital For Progress Single Investment,CFP,IT0005276602,AIM ITALIA,,FTSE AIM Italia
https://www.borsaitaliana.it/borsa/azioni/scheda/IT0005331019.html?lang=en,Carel Industries,CRL,IT0005331019,STAR,Construction & Materials,"FTSE All-Share Capped, FTSE Italia All-Share, FTSE Italia Mid Cap, FTSE Italia STAR, FTSE Italia All-Share Industrials, FTSE Italia All-Share Construction and Materials"
https://www.borsaitaliana.it/borsa/azioni/scheda/IT0001046553.html?lang=en,Carraro,CARR,IT0001046553,MTA,Industrial Goods & Services,"FTSE All-Share Capped, FTSE Italia All-Share, FTSE Italia Small Cap, FTSE Italia All-Share Industrials, FTSE Italia All-Share Industrial Goods and Services"
https://www.borsaitaliana.it/borsa/azioni/global-equity-market/scheda/FR0000120172.html?lang=en,Carrefour,CRR,FR0000120172,GLOBAL EQUITY MARKET,,
https://www.borsaitaliana.it/borsa/azioni/aim-italia/scheda/IT0005003782.html?lang=en,Casta Diva Group,CDG,IT0005003782,AIM ITALIA,,FTSE AIM Italia
https://www.borsaitaliana.it/borsa/azioni/scheda/IT0000784154.html?lang=en,Cattolica Assicurazioni,CASS,IT0000784154,MTA,Insurance,"FTSE All-Share Capped, FTSE Italia All-Share, FTSE Italia Mid Cap, FTSE Italia All-Share Financials, FTSE Italia All-Share Insurance"
https://www.borsaitaliana.it/borsa/azioni/aim-italia/scheda/IT0004818636.html?lang=en,Cdr Advance Capital,CDR,IT0004818636,AIM ITALIA,,
https://www.borsaitaliana.it/borsa/azioni/scheda/IT0005244618.html?lang=en,Cellularline,CELL,IT0005244618,STAR,Retail,"FTSE All-Share Capped, FTSE Italia All-Share, FTSE Italia STAR, FTSE Italia Small Cap, FTSE Italia All-Share Consumer Services, FTSE Italia All-Share Retail"
https://www.borsaitaliana.it/borsa/azioni/scheda/IT0001128047.html?lang=en,Cembre,CMB,IT0001128047,STAR,Industrial Goods & Services,"FTSE All-Share Capped, FTSE Italia All-Share, FTSE Italia STAR, FTSE Italia Small Cap, FTSE Italia All-Share Industrials, FTSE Italia All-Share Industrial Goods and Services"
https://www.borsaitaliana.it/borsa/azioni/scheda/NL0013995087.html?lang=en,Cementir Holding,CEM,NL0013995087,STAR,Construction & Materials,"FTSE All-Share Capped, FTSE Italia All-Share, FTSE Italia Mid Cap, FTSE Italia STAR, FTSE Italia All-Share Industrials, FTSE Italia All-Share Construction and Materials"
https://www.borsaitaliana.it/borsa/azioni/scheda/IT0003023980.html?lang=en,Centrale Del Latte D'Italia,CLI,IT0003023980,STAR,Food & Beverage,"FTSE All-Share Capped, FTSE Italia All-Share, FTSE Italia STAR, FTSE Italia Small Cap, FTSE Italia All-Share Consumer Goods, FTSE Italia All-Share Food and Beverage"
https://www.borsaitaliana.it/borsa/azioni/scheda/IT0005010423.html?lang=en,Cerved Group,CERV,IT0005010423,MTA,Industrial Goods & Services,"FTSE All-Share Capped, FTSE Italia All-Share, FTSE Italia Mid Cap, FTSE Italia All-Share Industrials, FTSE Italia All-Share Industrial Goods and Services"
https://www.borsaitaliana.it/borsa/azioni/aim-italia/scheda/IT0005262313.html?lang=en,Cft,CFT,IT0005262313,AIM ITALIA,,FTSE AIM Italia
https://www.borsaitaliana.it/borsa/azioni/scheda/IT0001446613.html?lang=en,Chl,CHL,IT0001446613,MTA,Retail,
https://www.borsaitaliana.it/borsa/azioni/scheda/LU0290697514.html?lang=en,D'Amico,DIS,LU0290697514,STAR,Industrial Goods & Services,"FTSE All-Share Capped, FTSE Italia All-Share, FTSE Italia STAR, FTSE Italia Small Cap, FTSE Italia All-Share Industrials, FTSE Italia All-Share Industrial Goods and Services"
https://www.borsaitaliana.it/borsa/azioni/global-equity-market/scheda/DE0007100000.html?lang=en,Daimler,DAI,DE0007100000,GLOBAL EQUITY MARKET,,
https://www.borsaitaliana.it/borsa/azioni/scheda/IT0000076502.html?lang=en,Danieli & C,DAN,IT0000076502,MTA,Industrial Goods & Services,"FTSE All-Share Capped, FTSE Italia All-Share, FTSE Italia Mid Cap, FTSE Italia All-Share Industrials, FTSE Italia All-Share Industrial Goods and Services"
https://www.borsaitaliana.it/borsa/azioni/scheda/IT0000076486.html?lang=en,Danieli & C Rsp,DANR,IT0000076486,MTA,Industrial Goods & Services,
https://www.borsaitaliana.it/borsa/azioni/global-equity-market/scheda/FR0000120644.html?lang=en,Danone,DNN,FR0000120644,GLOBAL EQUITY MARKET,,
https://www.borsaitaliana.it/borsa/azioni/scheda/IT0004053440.html?lang=en,Datalogic,DAL,IT0004053440,STAR,Industrial Goods & Services,"FTSE All-Share Capped, FTSE Italia All-Share, FTSE Italia Mid Cap, FTSE Italia STAR, FTSE Italia All-Share Industrials, FTSE Italia All-Share Industrial Goods and Services"
https://www.borsaitaliana.it/borsa/azioni/aim-italia/scheda/IT0005285942.html?lang=en,Dba Group,DBA,IT0005285942,AIM ITALIA,,FTSE AIM Italia
https://www.borsaitaliana.it/borsa/azioni/scheda/IT0003115950.html?lang=en,De' Longhi,DLG,IT0003115950,MTA,Personal & Household Goods,"FTSE All-Share Capped, FTSE Italia All-Share, FTSE Italia Mid Cap, FTSE Italia All-Share Consumer Goods, FTSE Italia All-Share Personal and Household Goods"
https://www.borsaitaliana.it/borsa/azioni/scheda/IT0001431805.html?lang=en,Dea Capital,DEA,IT0001431805,STAR,Financial Services,"FTSE All-Share Capped, FTSE Italia All-Share, FTSE Italia Mid Cap, FTSE Italia STAR, FTSE Italia All-Share Financials, FTSE Italia All-Share Financial Services"
https://www.borsaitaliana.it/borsa/azioni/global-equity-market/scheda/DE0005140008.html?lang=en,Deutsche Bank,DBK,DE0005140008,GLOBAL EQUITY MARKET,,
https://www.borsaitaliana.it/borsa/azioni/global-equity-market/scheda/DE0005810055.html?lang=en,Deutsche Boerse,DB1,DE0005810055,GLOBAL EQUITY MARKET,,
https://www.borsaitaliana.it/borsa/azioni/global-equity-market/scheda/DE0008232125.html?lang=en,Deutsche Lufthansa,LHA,DE0008232125,GLOBAL EQUITY MARKET,,
https://www.borsaitaliana.it/borsa/azioni/global-equity-market/scheda/DE0005552004.html?lang=en,Deutsche Post,DPW,DE0005552004,GLOBAL EQUITY MARKET,,
https://www.borsaitaliana.it/borsa/azioni/global-equity-market/scheda/DE0005557508.html?lang=en,Deutsche Telekom,DTE,DE0005557508,GLOBAL EQUITY MARKET,,
https://www.borsaitaliana.it/borsa/azioni/scheda/IT0003492391.html?lang=en,Diasorin,DIA,IT0003492391,MTA,Health Care,"FTSE All-Share Capped, FTSE Italia All-Share, FTSE MIB, FTSE Italia All-Share Health Care, FTSE Italia All-Share Health Care"
https://www.borsaitaliana.it/borsa/azioni/scheda/IT0001469995.html?lang=en,Digital Bros,DIB,IT0001469995,STAR,Personal & Household Goods,"FTSE All-Share Capped, FTSE Italia All-Share, FTSE Italia STAR, FTSE Italia Small Cap, FTSE Italia All-Share Consumer Goods, FTSE Italia All-Share Personal and Household Goods"
https://www.borsaitaliana.it/borsa/azioni/aim-italia/scheda/IT0004900160.html?lang=en,Digital Magics,DM,IT0004900160,AIM ITALIA,,FTSE AIM Italia
https://www.borsaitaliana.it/borsa/azioni/aim-italia/scheda/IT0005347429.html?lang=en,Digital Value,DGV,IT0005347429,AIM ITALIA,,FTSE AIM Italia
https://www.borsaitaliana.it/borsa/azioni/aim-italia/scheda/IT0005254252.html?lang=en,Digital360,DIG,IT0005254252,AIM ITALIA,,FTSE AIM Italia
https://www.borsaitaliana.it/borsa/azioni/obbligazioni-convertibili/scheda/IT0005254484.html?lang=en,"Digital360 4,5% Cv 2017-2022",DIG22,IT0005254484,,,
https://www.borsaitaliana.it/borsa/azioni/global-equity-market/scheda/DE000ENAG999.html?lang=en,E.On,EOAN,DE000ENAG999,GLOBAL EQUITY MARKET,,
https://www.borsaitaliana.it/borsa/azioni/aim-italia/scheda/IT0005001943.html?lang=en,Ecosuntek,ECK,IT0005001943,AIM ITALIA,,FTSE AIM Italia
https://www.borsaitaliana.it/borsa/azioni/aim-italia/scheda/IT0005351504.html?lang=en,Ediliziacrobatica,EDAC,IT0005351504,AIM ITALIA,,FTSE AIM Italia
https://www.borsaitaliana.it/borsa/azioni/scheda/IT0003372205.html?lang=en,Edison Rsp,EDNR,IT0003372205,MTA,Utilities,"FTSE All-Share Capped, FTSE Italia All-Share, FTSE Italia Small Cap, FTSE Italia All-Share Utilities, FTSE Italia All-Share Utilities"
https://www.borsaitaliana.it/borsa/azioni/scheda/IT0001498234.html?lang=en,Eems,EEMS,IT0001498234,MTA,Technology,"FTSE All-Share Capped, FTSE Italia All-Share, FTSE Italia Small Cap, FTSE Italia All-Share Technology, FTSE Italia All-Share Technology"
https://www.borsaitaliana.it/borsa/azioni/scheda/IT0005188336.html?lang=en,El.En.,ELN,IT0005188336,STAR,Industrial Goods & Services,"FTSE All-Share Capped, FTSE Italia All-Share, FTSE Italia Mid Cap, FTSE Italia STAR, FTSE Italia All-Share Industrials, FTSE Italia All-Share Industrial Goods and Services"
https://www.borsaitaliana.it/borsa/azioni/aim-italia/scheda/IT0005373417.html?lang=en,Eles,ELES,IT0005373417,AIM ITALIA,,FTSE AIM Italia
https://www.borsaitaliana.it/borsa/azioni/aim-italia/scheda/IT0004745607.html?lang=en,Elettra Investimenti,ELIN,IT0004745607,AIM ITALIA,,FTSE AIM Italia
https://www.borsaitaliana.it/borsa/azioni/scheda/IT0003404214.html?lang=en,Elica,ELC,IT0003404214,STAR,Personal & Household Goods,"FTSE All-Share Capped, FTSE Italia All-Share, FTSE Italia STAR, FTSE Italia Small Cap, FTSE Italia All-Share Consumer Goods, FTSE Italia All-Share Personal and Household Goods"
https://www.borsaitaliana.it/borsa/azioni/scheda/IT0001237053.html?lang=en,Emak,EM,IT0001237053,STAR,Personal & Household Goods,"FTSE All-Share Capped, FTSE Italia All-Share, FTSE Italia STAR, FTSE Italia Small Cap, FTSE Italia All-Share Consumer Goods, FTSE Italia All-Share Personal and Household Goods"
https://www.borsaitaliana.it/borsa/azioni/scheda/IT0005176406.html?lang=en,Enav,ENAV,IT0005176406,MTA,Industrial Goods & Services,"FTSE All-Share Capped, FTSE Italia All-Share, FTSE Italia Mid Cap, FTSE Italia All-Share Industrials, FTSE Italia All-Share Industrial Goods and Services"
https://www.borsaitaliana.it/borsa/azioni/scheda/IT0003128367.html?lang=en,Enel,ENEL,IT0003128367,MTA,Utilities,"FTSE All-Share Capped, FTSE Italia All-Share, FTSE MIB, FTSE Italia All-Share Utilities, FTSE Italia All-Share Utilities"
https://www.borsaitaliana.it/borsa/azioni/aim-italia/scheda/IT0005143547.html?lang=en,Energica Motor Company,EMC,IT0005143547,AIM ITALIA,,FTSE AIM Italia
https://www.borsaitaliana.it/borsa/azioni/obbligazioni-convertibili/scheda/IT0005277618.html?lang=en,Enertronica 7% Cv 2017-2022,ENT22,IT0005277618,,,
https://www.borsaitaliana.it/borsa/azioni/aim-italia/scheda/IT0004887409.html?lang=en,Enertronica Santerno,ENT,IT0004887409,AIM ITALIA,,FTSE AIM Italia
https://www.borsaitaliana.it/borsa/azioni/scheda/IT0004356751.html?lang=en,Enervit,ENV,IT0004356751,MTA,Food & Beverage,"FTSE All-Share Capped, FTSE Italia All-Share, FTSE Italia Small Cap, FTSE Italia All-Share Consumer Goods, FTSE Italia All-Share Food and Beverage"
https://www.borsaitaliana.it/borsa/azioni/global-equity-market/scheda/FR0010208488.html?lang=en,Engie,ENGI,FR0010208488,GLOBAL EQUITY MARKET,,
https://www.borsaitaliana.it/borsa/azioni/scheda/IT0003132476.html?lang=en,Eni,ENI,IT0003132476,MTA,Oil & Gas,"FTSE All-Share Capped, FTSE Italia All-Share, FTSE MIB, FTSE Italia All-Share Oil and Gas, FTSE Italia All-Share Oil and Gas"
https://www.borsaitaliana.it/borsa/azioni/scheda/IT0005084717.html?lang=en,Eprice,EPR,IT0005084717,MTA,Retail,"FTSE All-Share Capped, FTSE Italia All-Share, FTSE Italia Small Cap, FTSE Italia All-Share Consumer Services, FTSE Italia All-Share Retail"
https://www.borsaitaliana.it/borsa/azioni/scheda/IT0005312027.html?lang=en,Equita Group,EQUI,IT0005312027,STAR,Financial Services,"FTSE All-Share Capped, FTSE Italia All-Share, FTSE Italia STAR, FTSE Italia Small Cap, FTSE Italia All-Share Financials, FTSE Italia All-Share Financial Services"
https://www.borsaitaliana.it/borsa/azioni/aim-italia/scheda/IT0005417784.html?lang=en,Fabilia,FHR,IT0005417784,AIM ITALIA,,FTSE AIM Italia
https://www.borsaitaliana.it/borsa/azioni/global-equity-market/scheda/US30303M1027.html?lang=en,Facebook,FB,US30303M1027,GLOBAL EQUITY MARKET,,
https://www.borsaitaliana.it/borsa/azioni/scheda/IT0003198790.html?lang=en,Falck Renewables,FKR,IT0003198790,STAR,Utilities,"FTSE All-Share Capped, FTSE Italia All-Share, FTSE Italia Mid Cap, FTSE Italia STAR, FTSE Italia All-Share Utilities, FTSE Italia All-Share Utilities"
https://www.borsaitaliana.it/borsa/azioni/aim-italia/scheda/IT0005378333.html?lang=en,Farmae,FAR,IT0005378333,AIM ITALIA,,FTSE AIM Italia
https://www.borsaitaliana.it/borsa/azioni/aim-italia/scheda/IT0005403495.html?lang=en,Fenix Entertainment,FNX,IT0005403495,AIM ITALIA,,
https://www.borsaitaliana.it/borsa/azioni/scheda/NL0011585146.html?lang=en,Ferrari,RACE,NL0011585146,MTA,Automobiles & Parts,"FTSE All-Share Capped, FTSE Italia All-Share, FTSE MIB, FTSE Italia All-Share Consumer Goods, FTSE Italia All-Share Automobiles and Parts"
https://www.borsaitaliana.it/borsa/azioni/aim-italia/scheda/IT0005325912.html?lang=en,Fervi,FVI,IT0005325912,AIM ITALIA,,FTSE AIM Italia
https://www.borsaitaliana.it/borsa/azioni/scheda/NL0010877643.html?lang=en,Fiat Chrysler Automobiles,FCA,NL0010877643,MTA,Automobiles & Parts,"FTSE All-Share Capped, FTSE Italia All-Share, FTSE MIB, FTSE Italia All-Share Consumer Goods, FTSE Italia All-Share Automobiles and Parts"
https://www.borsaitaliana.it/borsa/azioni/scheda/IT0001498481.html?lang=en,Fidia,FDA,IT0001498481,STAR,Industrial Goods & Services,"FTSE All-Share Capped, FTSE Italia All-Share, FTSE Italia STAR, FTSE Italia Small Cap, FTSE Italia All-Share Industrials, FTSE Italia All-Share Industrial Goods and Services"
https://www.borsaitaliana.it/borsa/azioni/scheda/IT0003365613.html?lang=en,Fiera Milano,FM,IT0003365613,STAR,Industrial Goods & Services,"FTSE All-Share Capped, FTSE Italia All-Share, FTSE Italia STAR, FTSE Italia Small Cap, FTSE Italia All-Share Industrials, FTSE Italia All-Share Industrial Goods and Services"
https://www.borsaitaliana.it/borsa/azioni/scheda/IT0004967292.html?lang=en,Fila,FILA,IT0004967292,STAR,Personal & Household Goods,"FTSE All-Share Capped, FTSE Italia All-Share, FTSE Italia Mid Cap, FTSE Italia STAR, FTSE Italia All-Share Consumer Goods, FTSE Italia All-Share Personal and Household Goods"
https://www.borsaitaliana.it/borsa/azioni/scheda/IT0001415246.html?lang=en,Fincantieri,FCT,IT0001415246,MTA,Industrial Goods & Services,"FTSE All-Share Capped, FTSE Italia All-Share, FTSE Italia Mid Cap, FTSE Italia All-Share Industrials, FTSE Italia All-Share Industrial Goods and Services"
https://www.borsaitaliana.it/borsa/azioni/aim-italia/scheda/IT0005215329.html?lang=en,Fine Foods & Pharmaceuticals Ntm,FF,IT0005215329,AIM ITALIA,,FTSE AIM Italia
https://www.borsaitaliana.it/borsa/azioni/scheda/IT0000072170.html?lang=en,Finecobank,FBK,IT0000072170,MTA,Banks,"FTSE All-Share Capped, FTSE Italia All-Share, FTSE MIB, FTSE Italia All-Share Financials, FTSE Italia All-Share Banks"
https://www.borsaitaliana.it/borsa/azioni/aim-italia/scheda/IT0005256323.html?lang=en,Finlogic,FNL,IT0005256323,AIM ITALIA,,FTSE AIM Italia
https://www.borsaitaliana.it/borsa/azioni/aim-italia/scheda/IT0005252736.html?lang=en,First Capital,FIC,IT0005252736,AIM ITALIA,,FTSE AIM Italia
https://www.borsaitaliana.it/borsa/azioni/obbligazioni-convertibili/scheda/IT0005388639.html?lang=en,"First Capital 3,75% Cv 2019-2026",FC26,IT0005388639,,,
https://www.borsaitaliana.it/borsa/azioni/scheda/IT0000060886.html?lang=en,Fnm,FNM,IT0000060886,MTA,Travel & Leisure,"FTSE All-Share Capped, FTSE Italia All-Share, FTSE Italia Small Cap, FTSE Italia All-Share Consumer Services, FTSE Italia All-Share Travel and Leisure"
https://www.borsaitaliana.it/borsa/azioni/aim-italia/scheda/IT0005203424.html?lang=en,Fope,FPE,IT0005203424,AIM ITALIA,,FTSE AIM Italia
https://www.borsaitaliana.it/borsa/azioni/obbligazioni-convertibili/scheda/IT0005203671.html?lang=en,"Fope 4,5% Cv 2016-2021",FPE21,IT0005203671,,,
https://www.borsaitaliana.it/borsa/azioni/scheda/IT0005023038.html?lang=en,Gabetti,GAB,IT0005023038,MTA,Real Estate,"FTSE All-Share Capped, FTSE Italia All-Share, FTSE Italia Small Cap, FTSE Italia All-Share Financials, FTSE Italia Real Estate"
https://www.borsaitaliana.it/borsa/azioni/aim-italia/scheda/IT0005122392.html?lang=en,Gambero Rosso,GAMB,IT0005122392,AIM ITALIA,,FTSE AIM Italia
https://www.borsaitaliana.it/borsa/azioni/scheda/IT0005345233.html?lang=en,Garofalo Health Care,GHC,IT0005345233,MTA,Health Care,"FTSE All-Share Capped, FTSE Italia All-Share, FTSE Italia Mid Cap, FTSE Italia All-Share Health Care, FTSE Italia All-Share Health Care"
https://www.borsaitaliana.it/borsa/azioni/scheda/IT0004098510.html?lang=en,Gas Plus,GSP,IT0004098510,MTA,Oil & Gas,"FTSE All-Share Capped, FTSE Italia All-Share, FTSE Italia Small Cap, FTSE Italia All-Share Oil and Gas, FTSE Italia All-Share Oil and Gas"
https://www.borsaitaliana.it/borsa/azioni/scheda/IT0003203947.html?lang=en,Gefran,GE,IT0003203947,STAR,Industrial Goods & Services,"FTSE All-Share Capped, FTSE Italia All-Share, FTSE Italia STAR, FTSE Italia Small Cap, FTSE Italia All-Share Industrials, FTSE Italia All-Share Industrial Goods and Services"
https://www.borsaitaliana.it/borsa/azioni/aim-italia/scheda/IT0005312365.html?lang=en,Gel,GEL,IT0005312365,AIM ITALIA,,FTSE AIM Italia
https://www.borsaitaliana.it/borsa/azioni/scheda/IT0000062072.html?lang=en,Generali,G,IT0000062072,MTA,Insurance,"FTSE All-Share Capped, FTSE Italia All-Share, FTSE MIB, FTSE Italia All-Share Financials, FTSE Italia All-Share Insurance"
https://www.borsaitaliana.it/borsa/azioni/scheda/IT0003697080.html?lang=en,Geox,GEO,IT0003697080,MTA,Personal & Household Goods,"FTSE All-Share Capped, FTSE Italia All-Share, FTSE Italia Small Cap, FTSE Italia All-Share Consumer Goods, FTSE Italia All-Share Personal and Household Goods"
https://www.borsaitaliana.it/borsa/azioni/scheda/IT0004942915.html?lang=en,Gequity,GEQ,IT0004942915,MTA,Financial Services,"FTSE All-Share Capped, FTSE Italia All-Share, FTSE Italia Small Cap, FTSE Italia All-Share Financials, FTSE Italia All-Share Financial Services"
https://www.borsaitaliana.it/borsa/azioni/obbligazioni-convertibili/scheda/IT0005159261.html?lang=en,Gequity 4% Cv 2016-2021,GEQ21,IT0005159261,,,
https://www.borsaitaliana.it/borsa/azioni/aim-italia/scheda/IT0005341059.html?lang=en,Gibus,GBUS,IT0005341059,AIM ITALIA,,FTSE AIM Italia
https://www.borsaitaliana.it/borsa/azioni/scheda/IT0005122400.html?lang=en,Giglio Group,GG,IT0005122400,STAR,Media,"FTSE All-Share Capped, FTSE Italia All-Share, FTSE Italia STAR, FTSE Italia Small Cap, FTSE Italia All-Share Consumer Services, FTSE Italia All-Share Media"
https://www.borsaitaliana.it/borsa/azioni/global-equity-market/scheda/US3755581036.html?lang=en,Gilead Sciences,GILD,US3755581036,GLOBAL EQUITY MARKET,,
https://www.borsaitaliana.it/borsa/azioni/aim-italia/scheda/IT0001210050.html?lang=en,Giorgio Fedon,FED,IT0001210050,AIM ITALIA,,FTSE AIM Italia
https://www.borsaitaliana.it/borsa/azioni/aim-italia/scheda/IT0005391138.html?lang=en,Gismondi 1754,GIS,IT0005391138,AIM ITALIA,,FTSE AIM Italia
https://www.borsaitaliana.it/borsa/azioni/aim-italia/scheda/IT0005038002.html?lang=en,Go Internet,GO,IT0005038002,AIM ITALIA,,FTSE AIM Italia
https://www.borsaitaliana.it/borsa/azioni/scheda/IT0005221517.html?lang=en,Gpi,GPI,IT0005221517,MTA,Health Care,"FTSE All-Share Capped, FTSE Italia All-Share, FTSE Italia Small Cap, FTSE Italia All-Share Health Care, FTSE Italia All-Share Health Care"
https://www.borsaitaliana.it/borsa/azioni/aim-italia/scheda/IT0005332595.html?lang=en,Grifal,GRAL,IT0005332595,AIM ITALIA,,FTSE AIM Italia
https://www.borsaitaliana.it/borsa/azioni/aim-italia/scheda/IT0004982242.html?lang=en,Gruppo Green Power,GGP,IT0004982242,AIM ITALIA,,
https://www.borsaitaliana.it/borsa/azioni/scheda/IT0005311821.html?lang=en,Guala Closures,GCL,IT0005311821,STAR,Industrial Goods & Services,"FTSE All-Share Capped, FTSE Italia All-Share, FTSE Italia Mid Cap, FTSE Italia STAR, FTSE Italia All-Share Industrials, FTSE Italia All-Share Industrial Goods and Services"
https://www.borsaitaliana.it/borsa/azioni/aim-italia/scheda/IT0004674666.html?lang=en,H-Farm,FARM,IT0004674666,AIM ITALIA,,FTSE AIM Italia
https://www.borsaitaliana.it/borsa/azioni/aim-italia/scheda/IT0005221004.html?lang=en,Health Italia,HI,IT0005221004,AIM ITALIA,,FTSE AIM Italia
https://www.borsaitaliana.it/borsa/azioni/global-equity-market/scheda/DE0006047004.html?lang=en,Heidelberg Cement,HEI,DE0006047004,GLOBAL EQUITY MARKET,,
https://www.borsaitaliana.it/borsa/azioni/global-equity-market/scheda/DE0006048432.html?lang=en,Henkel Vz,HEN3,DE0006048432,GLOBAL EQUITY MARKET,,
https://www.borsaitaliana.it/borsa/azioni/scheda/IT0001250932.html?lang=en,Hera,HER,IT0001250932,MTA,Utilities,"FTSE All-Share Capped, FTSE Italia All-Share, FTSE MIB, FTSE Italia All-Share Utilities, FTSE Italia All-Share Utilities"
https://www.borsaitaliana.it/borsa/azioni/scheda/IT0005108219.html?lang=en,I Grandi Viaggi,IGV,IT0005108219,MTA,Travel & Leisure,"FTSE All-Share Capped, FTSE Italia All-Share, FTSE Italia Small Cap, FTSE Italia All-Share Consumer Services, FTSE Italia All-Share Travel and Leisure"
https://www.borsaitaliana.it/borsa/azioni/global-equity-market/scheda/ES0144580Y14.html?lang=en,Iberdrola,IBE,ES0144580Y14,GLOBAL EQUITY MARKET,Utilities,
https://www.borsaitaliana.it/borsa/azioni/aim-italia/scheda/IT0005380602.html?lang=en,Iervolino Entertainment,IE,IT0005380602,AIM ITALIA,,FTSE AIM Italia
https://www.borsaitaliana.it/borsa/azioni/scheda/IT0005322612.html?lang=en,Igd - Siiq,IGD,IT0005322612,STAR,Real Estate,"FTSE All-Share Capped, FTSE Italia All-Share, FTSE Italia Mid Cap, FTSE Italia STAR, FTSE Italia All-Share Financials, FTSE Italia Real Estate"
https://www.borsaitaliana.it/borsa/azioni/scheda/IT0005283111.html?lang=en,Il Sole 24 Ore,S24,IT0005283111,MTA,Media,"FTSE All-Share Capped, FTSE Italia All-Share, FTSE Italia Small Cap, FTSE Italia All-Share Consumer Services, FTSE Italia All-Share Media"
https://www.borsaitaliana.it/borsa/azioni/aim-italia/scheda/IT0005316705.html?lang=en,Illa,ILLA,IT0005316705,AIM ITALIA,,FTSE AIM Italia
https://www.borsaitaliana.it/borsa/azioni/scheda/IT0005359192.html?lang=en,Illimity Bank,ILTY,IT0005359192,STAR,Banks,"FTSE All-Share Capped, FTSE Italia All-Share, FTSE Italia Mid Cap, FTSE Italia STAR, FTSE Italia All-Share Financials, FTSE Italia All-Share Banks"
https://www.borsaitaliana.it/borsa/azioni/aim-italia/scheda/IT0005359101.html?lang=en,Ilpra,ILP,IT0005359101,AIM ITALIA,,FTSE AIM Italia
https://www.borsaitaliana.it/borsa/azioni/scheda/IT0001049623.html?lang=en,Ima,IMA,IT0001049623,STAR,Industrial Goods & Services,"FTSE All-Share Capped, FTSE Italia All-Share, FTSE Italia Mid Cap, FTSE Italia STAR, FTSE Italia All-Share Industrials, FTSE Italia All-Share Industrial Goods and Services"
https://www.borsaitaliana.it/borsa/azioni/scheda/IT0001413837.html?lang=en,Immsi,IMS,IT0001413837,MTA,Automobiles & Parts,"FTSE All-Share Capped, FTSE Italia All-Share, FTSE Italia Small Cap, FTSE Italia All-Share Consumer Goods, FTSE Italia All-Share Automobiles and Parts"
https://www.borsaitaliana.it/borsa/azioni/aim-italia/scheda/IT0004670532.html?lang=en,Imvest,YIV,IT0004670532,AIM ITALIA,,FTSE AIM Italia
https://www.borsaitaliana.it/borsa/azioni/scheda/IT0005245508.html?lang=en,Indel B,INDB,IT0005245508,MTA,Industrial Goods & Services,"FTSE All-Share Capped, FTSE Italia All-Share, FTSE Italia Small Cap, FTSE Italia All-Share Industrials, FTSE Italia All-Share Industrial Goods and Services"
https://www.borsaitaliana.it/borsa/azioni/global-equity-market/scheda/ES0148396007.html?lang=en,Inditex,ITX,ES0148396007,GLOBAL EQUITY MARKET,,
https://www.borsaitaliana.it/borsa/azioni/aim-italia/scheda/IT0005416281.html?lang=en,Industrie Chimiche Forestali,ICF,IT0005416281,AIM ITALIA,,FTSE AIM Italia
https://www.borsaitaliana.it/borsa/azioni/global-equity-market/scheda/DE0006231004.html?lang=en,Infineon Technologies,IFX,DE0006231004,GLOBAL EQUITY MARKET,,
https://www.borsaitaliana.it/borsa/azioni/global-equity-market/scheda/NL0011821202.html?lang=en,Ing Groep,INGA,NL0011821202,GLOBAL EQUITY MARKET,,
https://www.borsaitaliana.it/borsa/azioni/aim-italia/scheda/IT0005037905.html?lang=en,Iniziative Bresciane,IB,IT0005037905,AIM ITALIA,,FTSE AIM Italia
https://www.borsaitaliana.it/borsa/azioni/aim-italia/scheda/IT0005412298.html?lang=en,Innovatec,INC,IT0005412298,AIM ITALIA,,FTSE AIM Italia
https://www.borsaitaliana.it/borsa/azioni/scheda/IT0004552359.html?lang=en,Intek Group,IKG,IT0004552359,MTA,Basic Resources,"FTSE All-Share Capped, FTSE Italia All-Share, FTSE Italia Small Cap, FTSE Italia All-Share Basic Materials, FTSE Italia All-Share Basic Resources"
https://www.borsaitaliana.it/borsa/azioni/scheda/IT0004552367.html?lang=en,Intek Group Rsp,IKGR,IT0004552367,MTA,Basic Resources,
https://www.borsaitaliana.it/borsa/azioni/scheda/IT0000336518.html?lang=en,Juventus Football Club,JUVE,IT0000336518,MTA,Travel & Leisure,"FTSE All-Share Capped, FTSE Italia All-Share, FTSE Italia Mid Cap, FTSE Italia All-Share Consumer Services, FTSE Italia All-Share Travel and Leisure"
https://www.borsaitaliana.it/borsa/azioni/global-equity-market/scheda/DE000KSAG888.html?lang=en,K+S,SDF,DE000KSAG888,GLOBAL EQUITY MARKET,,
https://www.borsaitaliana.it/borsa/azioni/global-equity-market/scheda/FR0000121485.html?lang=en,Kering,KER,FR0000121485,GLOBAL EQUITY MARKET,,
https://www.borsaitaliana.it/borsa/azioni/aim-italia/scheda/IT0004967672.html?lang=en,Ki Group,KI,IT0004967672,AIM ITALIA,,FTSE AIM Italia
https://www.borsaitaliana.it/borsa/azioni/aim-italia/scheda/IT0005322950.html?lang=en,Kolinpharma,KIP,IT0005322950,AIM ITALIA,,FTSE AIM Italia
https://www.borsaitaliana.it/borsa/azioni/global-equity-market/scheda/FR0000120321.html?lang=en,L'Oreal,OR,FR0000120321,GLOBAL EQUITY MARKET,,
https://www.borsaitaliana.it/borsa/azioni/scheda/IT0001055521.html?lang=en,La Doria,LD,IT0001055521,STAR,Food & Beverage,"FTSE All-Share Capped, FTSE Italia All-Share, FTSE Italia Mid Cap, FTSE Italia STAR, FTSE Italia All-Share Consumer Goods, FTSE Italia All-Share Food and Beverage"
https://www.borsaitaliana.it/borsa/azioni/scheda/IT0004210289.html?lang=en,Landi Renzo,LR,IT0004210289,STAR,Automobiles & Parts,"FTSE All-Share Capped, FTSE Italia All-Share, FTSE Italia STAR, FTSE Italia Small Cap, FTSE Italia All-Share Consumer Goods, FTSE Italia All-Share Automobiles and Parts"
https://www.borsaitaliana.it/borsa/azioni/scheda/IT0003621783.html?lang=en,Lazio,SSL,IT0003621783,MTA,Travel & Leisure,"FTSE All-Share Capped, FTSE Italia All-Share, FTSE Italia Small Cap, FTSE Italia All-Share Consumer Services, FTSE Italia All-Share Travel and Leisure"
https://www.borsaitaliana.it/borsa/azioni/scheda/IT0003856405.html?lang=en,Leonardo,LDO,IT0003856405,MTA,Industrial Goods & Services,"FTSE All-Share Capped, FTSE Italia All-Share, FTSE MIB, FTSE Italia All-Share Industrials, FTSE Italia All-Share Industrial Goods and Services"
https://www.borsaitaliana.it/borsa/azioni/aim-italia/scheda/IT0004973696.html?lang=en,Leone Film Group,LFG,IT0004973696,AIM ITALIA,,FTSE AIM Italia
https://www.borsaitaliana.it/borsa/azioni/aim-italia/scheda/IT0005337073.html?lang=en,Longino&Cardenal,LON,IT0005337073,AIM ITALIA,,FTSE AIM Italia
https://www.borsaitaliana.it/borsa/azioni/aim-italia/scheda/IT0004522162.html?lang=en,Lucisano Media Group,LMG,IT0004522162,AIM ITALIA,,FTSE AIM Italia
https://www.borsaitaliana.it/borsa/azioni/scheda/IT0005107492.html?lang=en,Luve,LUVE,IT0005107492,MTA,Construction & Materials,"FTSE All-Share Capped, FTSE Italia All-Share, FTSE Italia Small Cap, FTSE Italia All-Share Industrials, FTSE Italia All-Share Construction and Materials"
https://www.borsaitaliana.it/borsa/azioni/scheda/IT0005013013.html?lang=en,Lventure Group,LVEN,IT0005013013,MTA,Financial Services,"FTSE All-Share Capped, FTSE Italia All-Share, FTSE Italia Small Cap, FTSE Italia All-Share Financials, FTSE Italia All-Share Financial Services"
https://www.borsaitaliana.it/borsa/azioni/global-equity-market/scheda/FR0000121014.html?lang=en,Lvmh,LVMH,FR0000121014,GLOBAL EQUITY MARKET,,
https://www.borsaitaliana.it/borsa/azioni/aim-italia/scheda/IT0005040354.html?lang=en,Mailup,MAIL,IT0005040354,AIM ITALIA,,FTSE AIM Italia
https://www.borsaitaliana.it/borsa/azioni/scheda/IT0004931058.html?lang=en,Maire Tecnimont,MT,IT0004931058,MTA,Industrial Goods & Services,"FTSE All-Share Capped, FTSE Italia All-Share, FTSE Italia Mid Cap, FTSE Italia All-Share Industrials, FTSE Italia All-Share Industrial Goods and Services"
https://www.borsaitaliana.it/borsa/azioni/aim-italia/scheda/IT0005364333.html?lang=en,Maps,MAPS,IT0005364333,AIM ITALIA,,FTSE AIM Italia
https://www.borsaitaliana.it/borsa/azioni/scheda/IT0003428445.html?lang=en,Marr,MARR,IT0003428445,STAR,Retail,"FTSE All-Share Capped, FTSE Italia All-Share, FTSE Italia Mid Cap, FTSE Italia STAR, FTSE Italia All-Share Consumer Services, FTSE Italia All-Share Retail"
https://www.borsaitaliana.it/borsa/azioni/aim-italia/scheda/IT0004376858.html?lang=en,Marzocchi Pompe,MARP,IT0004376858,AIM ITALIA,,FTSE AIM Italia
https://www.borsaitaliana.it/borsa/azioni/aim-italia/scheda/IT0004125677.html?lang=en,Masi Agricola,MASI,IT0004125677,AIM ITALIA,,FTSE AIM Italia
https://www.borsaitaliana.it/borsa/azioni/scheda/IT0005042467.html?lang=en,Massimo Zanetti Beverage,MZB,IT0005042467,STAR,Food & Beverage,"FTSE All-Share Capped, FTSE Italia All-Share, FTSE Italia STAR, FTSE Italia Small Cap, FTSE Italia All-Share Consumer Goods, FTSE Italia All-Share Food and Beverage"
https://www.borsaitaliana.it/borsa/azioni/aim-italia/scheda/IT0005388449.html?lang=en,Matica Fintec,MFT,IT0005388449,AIM ITALIA,,FTSE AIM Italia
https://www.borsaitaliana.it/borsa/azioni/scheda/IT0001063210.html?lang=en,Mediaset,MS,IT0001063210,MTA,Media,"FTSE All-Share Capped, FTSE Italia All-Share, FTSE Italia Mid Cap, FTSE Italia All-Share Consumer Services, FTSE Italia All-Share Media"
https://www.borsaitaliana.it/borsa/azioni/scheda/IT0000062957.html?lang=en,Mediobanca,MB,IT0000062957,MTA,Financial Services,"FTSE All-Share Capped, FTSE Italia All-Share, FTSE MIB, FTSE Italia All-Share Financials, FTSE Italia All-Share Financial Services"
https://www.borsaitaliana.it/borsa/azioni/global-equity-market/scheda/DE0006599905.html?lang=en,Merck,MRK,DE0006599905,GLOBAL EQUITY MARKET,,
https://www.borsaitaliana.it/borsa/azioni/global-equity-market/scheda/US5951121038.html?lang=en,Micron Technology,MU,US5951121038,GLOBAL EQUITY MARKET,,
https://www.borsaitaliana.it/borsa/azioni/global-equity-market/scheda/US5949181045.html?lang=en,Microsoft Corp,MSFT,US5949181045,GLOBAL EQUITY MARKET,,
https://www.borsaitaliana.it/borsa/azioni/scheda/IT0001447348.html?lang=en,Mittel,MIT,IT0001447348,MTA,Financial Services,
https://www.borsaitaliana.it/borsa/azioni/scheda/IT0004965148.html?lang=en,Moncler,MONC,IT0004965148,MTA,Personal & Household Goods,"FTSE All-Share Capped, FTSE Italia All-Share, FTSE MIB, FTSE Italia All-Share Consumer Goods, FTSE Italia All-Share Personal and Household Goods"
https://www.borsaitaliana.it/borsa/azioni/scheda/IT0001469383.html?lang=en,Mondadori Editore,MN,IT0001469383,STAR,Media,"FTSE All-Share Capped, FTSE Italia All-Share, FTSE Italia STAR, FTSE Italia Small Cap, FTSE Italia All-Share Consumer Services, FTSE Italia All-Share Media"
https://www.borsaitaliana.it/borsa/azioni/scheda/IT0001447785.html?lang=en,Mondo Tv,MTV,IT0001447785,STAR,Media,"FTSE All-Share Capped, FTSE Italia All-Share, FTSE Italia STAR, FTSE Italia Small Cap, FTSE Italia All-Share Consumer Services, FTSE Italia All-Share Media"
https://www.borsaitaliana.it/borsa/azioni/aim-italia/scheda/FR0011443266.html?lang=en,Mondo Tv France,MTF,FR0011443266,AIM ITALIA,,FTSE AIM Italia
https://www.borsaitaliana.it/borsa/azioni/aim-italia/scheda/CH0274177580.html?lang=en,Mondo Tv Suisse,MSU,CH0274177580,AIM ITALIA,,FTSE AIM Italia
https://www.borsaitaliana.it/borsa/azioni/aim-italia/scheda/IT0005338139.html?lang=en,Monnalisa,MNL,IT0005338139,AIM ITALIA,,FTSE AIM Italia
https://www.borsaitaliana.it/borsa/azioni/miv/scheda/LU1738384764.html?lang=en,Nb Aurora,NBA,LU1738384764,MIV/PROFESSIONAL SEGMENT,,
https://www.borsaitaliana.it/borsa/azioni/miv/scheda/LU2158749312.html?lang=en,Nb Aurora Aa,NBAAZ,LU2158749312,MIV/PROFESSIONAL SEGMENT,,
https://www.borsaitaliana.it/borsa/azioni/scheda/IT0005275778.html?lang=en,Neodecortech,NDT,IT0005275778,MTA,Basic Resources,"FTSE All-Share Capped, FTSE Italia All-Share, FTSE Italia Small Cap, FTSE Italia All-Share Basic Materials, FTSE Italia All-Share Basic Resources"
https://www.borsaitaliana.it/borsa/azioni/aim-italia/scheda/IT0005351496.html?lang=en,Neosperience,NSP,IT0005351496,AIM ITALIA,,FTSE AIM Italia
https://www.borsaitaliana.it/borsa/azioni/aim-italia/scheda/IT0003324024.html?lang=en,Net Insurance,NET,IT0003324024,AIM ITALIA,,FTSE AIM Italia
https://www.borsaitaliana.it/borsa/azioni/global-equity-market/scheda/US64110L1061.html?lang=en,Netflix,NFLX,US64110L1061,GLOBAL EQUITY MARKET,,
https://www.borsaitaliana.it/borsa/azioni/scheda/IT0004819030.html?lang=en,Netweek,NTW,IT0004819030,MTA,Retail,"FTSE All-Share Capped, FTSE Italia All-Share, FTSE Italia Small Cap, FTSE Italia All-Share Consumer Services, FTSE Italia All-Share Retail"
https://www.borsaitaliana.it/borsa/azioni/aim-italia/scheda/GRS802003004.html?lang=en,Neurosoft,NRST,GRS802003004,AIM ITALIA,,FTSE AIM Italia
https://www.borsaitaliana.it/borsa/azioni/scheda/IT0005385213.html?lang=en,Newlat Food,NWL,IT0005385213,STAR,Food & Beverage,"FTSE All-Share Capped, FTSE Italia All-Share, FTSE Italia STAR, FTSE Italia Small Cap, FTSE Italia All-Share Consumer Goods, FTSE Italia All-Share Food and Beverage"
https://www.borsaitaliana.it/borsa/azioni/scheda/IT0005366767.html?lang=en,Nexi,NEXI,IT0005366767,MTA,Industrial Goods & Services,"FTSE All-Share Capped, FTSE Italia All-Share, FTSE MIB, FTSE Italia All-Share Industrials, FTSE Italia All-Share Industrial Goods and Services"
https://www.borsaitaliana.it/borsa/azioni/global-equity-market/scheda/FI0009000681.html?lang=en,Nokia Corporation,NOKIA,FI0009000681,GLOBAL EQUITY MARKET,,
https://www.borsaitaliana.it/borsa/azioni/aim-italia/scheda/IT0005025355.html?lang=en,Notorious Pictures,NPI,IT0005025355,AIM ITALIA,,FTSE AIM Italia
https://www.borsaitaliana.it/borsa/azioni/scheda/IT0005330516.html?lang=en,Nova Re,NR,IT0005330516,MTA,Real Estate,"FTSE All-Share Capped, FTSE Italia All-Share, FTSE Italia Small Cap, FTSE Italia All-Share Financials, FTSE Italia Real Estate"
https://www.borsaitaliana.it/borsa/azioni/global-equity-market/scheda/US67066G1040.html?lang=en,Nvidia Corp,NVDA,US67066G1040,GLOBAL EQUITY MARKET,,
https://www.borsaitaliana.it/borsa/azioni/aim-italia/scheda/IT0005390783.html?lang=en,Nvp,NVP,IT0005390783,AIM ITALIA,,FTSE AIM Italia
https://www.borsaitaliana.it/borsa/azioni/aim-italia/scheda/IT0005374035.html?lang=en,Officina Stellare,OS,IT0005374035,AIM ITALIA,,FTSE AIM Italia
https://www.borsaitaliana.it/borsa/azioni/scheda/IT0001350625.html?lang=en,Olidata,OLI,IT0001350625,MTA,Technology,
https://www.borsaitaliana.it/borsa/azioni/scheda/IT0003683528.html?lang=en,Openjobmetis,OJM,IT0003683528,STAR,Industrial Goods & Services,"FTSE All-Share Capped, FTSE Italia All-Share, FTSE Italia STAR, FTSE Italia Small Cap, FTSE Italia All-Share Industrials, FTSE Italia All-Share Industrial Goods and Services"
https://www.borsaitaliana.it/borsa/azioni/global-equity-market/scheda/FR0000133308.html?lang=en,Orange,ORA,FR0000133308,GLOBAL EQUITY MARKET,,
https://www.borsaitaliana.it/borsa/azioni/scheda/IT0005138703.html?lang=en,Orsero,ORS,IT0005138703,STAR,Food & Beverage,"FTSE All-Share Capped, FTSE Italia All-Share, FTSE Italia STAR, FTSE Italia Small Cap, FTSE Italia All-Share Consumer Goods, FTSE Italia All-Share Food and Beverage"
https://www.borsaitaliana.it/borsa/azioni/scheda/IT0005043507.html?lang=en,Ovs,OVS,IT0005043507,MTA,Personal & Household Goods,"FTSE All-Share Capped, FTSE Italia All-Share, FTSE Italia Small Cap, FTSE Italia All-Share Consumer Goods, FTSE Italia All-Share Personal and Household Goods"
https://www.borsaitaliana.it/borsa/azioni/scheda/IT0001467577.html?lang=en,Panariagroup Industrie Ceramiche,PAN,IT0001467577,STAR,Construction & Materials,"FTSE All-Share Capped, FTSE Italia All-Share, FTSE Italia STAR, FTSE Italia Small Cap, FTSE Italia All-Share Industrials, FTSE Italia All-Share Construction and Materials"
https://www.borsaitaliana.it/borsa/azioni/aim-italia/scheda/IT0005378143.html?lang=en,Pattern,PTR,IT0005378143,AIM ITALIA,,FTSE AIM Italia
https://www.borsaitaliana.it/borsa/azioni/global-equity-market/scheda/FR0000121501.html?lang=en,Peugeot,UG,FR0000121501,GLOBAL EQUITY MARKET,,
https://www.borsaitaliana.it/borsa/azioni/aim-italia/scheda/IT0005274094.html?lang=en,Pharmanutra,PHN,IT0005274094,AIM ITALIA,,FTSE AIM Italia
https://www.borsaitaliana.it/borsa/azioni/global-equity-market/scheda/NL0000009538.html?lang=en,Philips,PHIA,NL0000009538,GLOBAL EQUITY MARKET,,
https://www.borsaitaliana.it/borsa/azioni/scheda/IT0003073266.html?lang=en,Piaggio & C,PIA,IT0003073266,MTA,Automobiles & Parts,"FTSE All-Share Capped, FTSE Italia All-Share, FTSE Italia Mid Cap, FTSE Italia All-Share Consumer Goods, FTSE Italia All-Share Automobiles and Parts"
https://www.borsaitaliana.it/borsa/azioni/scheda/IT0004007560.html?lang=en,Pierrel,PRL,IT0004007560,MTA,Health Care,"FTSE All-Share Capped, FTSE Italia All-Share, FTSE Italia Small Cap, FTSE Italia All-Share Health Care, FTSE Italia All-Share Health Care"
https://www.borsaitaliana.it/borsa/azioni/scheda/IT0003056386.html?lang=en,Pininfarina,PINF,IT0003056386,MTA,Automobiles & Parts,"FTSE All-Share Capped, FTSE Italia All-Share, FTSE Italia Small Cap, FTSE Italia All-Share Consumer Goods, FTSE Italia All-Share Automobiles and Parts"
https://www.borsaitaliana.it/borsa/azioni/scheda/IT0005337958.html?lang=en,Piovan,PVN,IT0005337958,STAR,Industrial Goods & Services,"FTSE All-Share Capped, FTSE Italia All-Share, FTSE Italia STAR, FTSE Italia Small Cap, FTSE Italia All-Share Industrials, FTSE Italia All-Share Industrial Goods and Services"
https://www.borsaitaliana.it/borsa/azioni/scheda/IT0004240443.html?lang=en,Piquadro,PQ,IT0004240443,MTA,Personal & Household Goods,"FTSE All-Share Capped, FTSE Italia All-Share, FTSE Italia Small Cap, FTSE Italia All-Share Consumer Goods, FTSE Italia All-Share Personal and Household Goods"
https://www.borsaitaliana.it/borsa/azioni/scheda/IT0005278236.html?lang=en,Pirelli & C,PIRC,IT0005278236,MTA,Automobiles & Parts,"FTSE All-Share Capped, FTSE Italia All-Share, FTSE MIB, FTSE Italia All-Share Consumer Goods, FTSE Italia All-Share Automobiles and Parts"
https://www.borsaitaliana.it/borsa/azioni/scheda/IT0004997984.html?lang=en,Piteco,PITE,IT0004997984,MTA,Technology,"FTSE All-Share Capped, FTSE Italia All-Share, FTSE Italia Small Cap, FTSE Italia All-Share Technology, FTSE Italia All-Share Technology"
https://www.borsaitaliana.it/borsa/azioni/scheda/IT0005339160.html?lang=en,Plc,PLC,IT0005339160,MTA,Construction & Materials,"FTSE All-Share Capped, FTSE Italia All-Share, FTSE Italia Small Cap, FTSE Italia All-Share Industrials, FTSE Italia All-Share Construction and Materials"
https://www.borsaitaliana.it/borsa/azioni/scheda/IT0001352217.html?lang=en,Poligrafica S Faustino,PSF,IT0001352217,STAR,Industrial Goods & Services,"FTSE All-Share Capped, FTSE Italia All-Share, FTSE Italia STAR, FTSE Italia Small Cap, FTSE Italia All-Share Industrials, FTSE Italia All-Share Industrial Goods and Services"
https://www.borsaitaliana.it/borsa/azioni/aim-italia/scheda/IT0004587470.html?lang=en,Poligrafici Printing,POPR,IT0004587470,AIM ITALIA,,FTSE AIM Italia
https://www.borsaitaliana.it/borsa/azioni/aim-italia/scheda/IT0005305443.html?lang=en,Portale Sardegna,PSA,IT0005305443,AIM ITALIA,,FTSE AIM Italia
https://www.borsaitaliana.it/borsa/azioni/aim-italia/scheda/IT0005337495.html?lang=en,Portobello,POR,IT0005337495,AIM ITALIA,,FTSE AIM Italia
https://www.borsaitaliana.it/borsa/azioni/scheda/IT0003796171.html?lang=en,Poste Italiane,PST,IT0003796171,MTA,Insurance,"FTSE All-Share Capped, FTSE Italia All-Share, FTSE MIB, FTSE Italia All-Share Financials, FTSE Italia All-Share Insurance"
https://www.borsaitaliana.it/borsa/azioni/aim-italia/scheda/IT0005353815.html?lang=en,Powersoft,PWS,IT0005353815,AIM ITALIA,,FTSE AIM Italia
https://www.borsaitaliana.it/borsa/azioni/scheda/IT0003124663.html?lang=en,Prima Industrie,PRI,IT0003124663,STAR,Industrial Goods & Services,"FTSE All-Share Capped, FTSE Italia All-Share, FTSE Italia STAR, FTSE Italia Small Cap, FTSE Italia All-Share Industrials, FTSE Italia All-Share Industrial Goods and Services"
https://www.borsaitaliana.it/borsa/azioni/aim-italia/scheda/IT0005379737.html?lang=en,Radici,RAD,IT0005379737,AIM ITALIA,,FTSE AIM Italia
https://www.borsaitaliana.it/borsa/azioni/scheda/IT0005054967.html?lang=en,Rai Way,RWAY,IT0005054967,MTA,Media,"FTSE All-Share Capped, FTSE Italia All-Share, FTSE Italia Mid Cap, FTSE Italia All-Share Consumer Services, FTSE Italia All-Share Media"
https://www.borsaitaliana.it/borsa/azioni/scheda/IT0004724107.html?lang=en,Ratti,RAT,IT0004724107,MTA,Personal & Household Goods,"FTSE All-Share Capped, FTSE Italia All-Share, FTSE Italia Small Cap, FTSE Italia All-Share Consumer Goods, FTSE Italia All-Share Personal and Household Goods"
https://www.borsaitaliana.it/borsa/azioni/scheda/IT0004931496.html?lang=en,Rcs Mediagroup,RCS,IT0004931496,MTA,Media,"FTSE All-Share Capped, FTSE Italia All-Share, FTSE Italia Small Cap, FTSE Italia All-Share Consumer Services, FTSE Italia All-Share Media"
https://www.borsaitaliana.it/borsa/azioni/scheda/IT0003828271.html?lang=en,Recordati,REC,IT0003828271,MTA,Health Care,"FTSE All-Share Capped, FTSE Italia All-Share, FTSE MIB, FTSE Italia All-Share Health Care, FTSE Italia All-Share Health Care"
https://www.borsaitaliana.it/borsa/azioni/aim-italia/scheda/IT0005371874.html?lang=en,Relatech,RLT,IT0005371874,AIM ITALIA,,FTSE AIM Italia
https://www.borsaitaliana.it/borsa/azioni/global-equity-market/scheda/FR0000131906.html?lang=en,Renault,RNO,FR0000131906,GLOBAL EQUITY MARKET,,
https://www.borsaitaliana.it/borsa/azioni/aim-italia/scheda/IT0005340655.html?lang=en,Renergetica,REN,IT0005340655,AIM ITALIA,,FTSE AIM Italia
https://www.borsaitaliana.it/borsa/azioni/scheda/IT0001178299.html?lang=en,Reno De Medici,RM,IT0001178299,STAR,Industrial Goods & Services,"FTSE All-Share Capped, FTSE Italia All-Share, FTSE Italia STAR, FTSE Italia Small Cap, FTSE Italia All-Share Industrials, FTSE Italia All-Share Industrial Goods and Services"
https://www.borsaitaliana.it/borsa/azioni/scheda/IT0005282865.html?lang=en,Reply,REY,IT0005282865,STAR,Technology,"FTSE All-Share Capped, FTSE Italia All-Share, FTSE Italia Mid Cap, FTSE Italia STAR, FTSE Italia All-Share Technology, FTSE Italia All-Share Technology"
https://www.borsaitaliana.it/borsa/azioni/global-equity-market/scheda/ES0173516115.html?lang=en,Repsol,REP,ES0173516115,GLOBAL EQUITY MARKET,,
https://www.borsaitaliana.it/borsa/azioni/scheda/IT0005349052.html?lang=en,Restart,RST,IT0005349052,MTA,Real Estate,"FTSE All-Share Capped, FTSE Italia All-Share, FTSE Italia Small Cap, FTSE Italia All-Share Financials, FTSE Italia Real Estate"
https://www.borsaitaliana.it/borsa/azioni/scheda/IT0004370463.html?lang=en,Retelit,LIT,IT0004370463,STAR,Telecommunications,"FTSE All-Share Capped, FTSE Italia All-Share, FTSE Italia STAR, FTSE Italia Small Cap, FTSE Italia All-Share Telecommunications, FTSE Italia All-Share Telecommunications"
https://www.borsaitaliana.it/borsa/azioni/aim-italia/scheda/IT0005418204.html?lang=en,Reti,RETI,IT0005418204,AIM ITALIA,,FTSE AIM Italia
https://www.borsaitaliana.it/borsa/azioni/scheda/IT0001402269.html?lang=en,Risanamento,RN,IT0001402269,MTA,Real Estate,"FTSE All-Share Capped, FTSE Italia All-Share, FTSE Italia Small Cap, FTSE Italia All-Share Financials, FTSE Italia Real Estate"
https://www.borsaitaliana.it/borsa/azioni/scheda/IT0001008876.html?lang=en,Roma,ASR,IT0001008876,MTA,Travel & Leisure,"FTSE All-Share Capped, FTSE Italia All-Share, FTSE Italia Small Cap, FTSE Italia All-Share Consumer Services, FTSE Italia All-Share Travel and Leisure"
https://www.borsaitaliana.it/borsa/azioni/aim-italia/scheda/IT0001017851.html?lang=en,Rosetti Marino,YRM,IT0001017851,AIM ITALIA,,
https://www.borsaitaliana.it/borsa/azioni/scheda/IT0004297575.html?lang=en,Rosss,ROS,IT0004297575,MTA,Personal & Household Goods,"FTSE All-Share Capped, FTSE Italia All-Share, FTSE Italia Small Cap, FTSE Italia All-Share Consumer Goods, FTSE Italia All-Share Personal and Household Goods"
https://www.borsaitaliana.it/borsa/azioni/global-equity-market/scheda/DE0007037129.html?lang=en,Rwe,RWE,DE0007037129,GLOBAL EQUITY MARKET,,
https://www.borsaitaliana.it/borsa/azioni/scheda/IT0001042610.html?lang=en,Sabaf,SAB,IT0001042610,STAR,Industrial Goods & Services,"FTSE All-Share Capped, FTSE Italia All-Share, FTSE Italia STAR, FTSE Italia Small Cap, FTSE Italia All-Share Industrials, FTSE Italia All-Share Industrial Goods and Services"
https://www.borsaitaliana.it/borsa/azioni/scheda/IT0001029492.html?lang=en,Saes Getters,SG,IT0001029492,STAR,Industrial Goods & Services,"FTSE All-Share Capped, FTSE Italia All-Share, FTSE Italia STAR, FTSE Italia Small Cap, FTSE Italia All-Share Industrials, FTSE Italia All-Share Industrial Goods and Services"
https://www.borsaitaliana.it/borsa/azioni/scheda/IT0001037081.html?lang=en,Saes Getters Rsp,SGR,IT0001037081,STAR,Industrial Goods & Services,FTSE Italia STAR
https://www.borsaitaliana.it/borsa/azioni/scheda/IT0004604762.html?lang=en,Safilo Group,SFL,IT0004604762,MTA,Personal & Household Goods,"FTSE All-Share Capped, FTSE Italia All-Share, FTSE Italia Small Cap, FTSE Italia All-Share Consumer Goods, FTSE Italia All-Share Personal and Household Goods"
https://www.borsaitaliana.it/borsa/azioni/global-equity-market/scheda/FR0000073272.html?lang=en,Safran,SAF,FR0000073272,GLOBAL EQUITY MARKET,,
https://www.borsaitaliana.it/borsa/azioni/scheda/IT0005252140.html?lang=en,Saipem,SPM,IT0005252140,MTA,Oil & Gas,"FTSE All-Share Capped, FTSE Italia All-Share, FTSE MIB, FTSE Italia All-Share Oil and Gas, FTSE Italia All-Share Oil and Gas"
https://www.borsaitaliana.it/borsa/azioni/scheda/IT0005252165.html?lang=en,Saipem Rcv,SPMR,IT0005252165,MTA,Oil & Gas,
https://www.borsaitaliana.it/borsa/azioni/aim-italia/scheda/IT0005388266.html?lang=en,Salcef Group,SCF,IT0005388266,AIM ITALIA,,FTSE AIM Italia
https://www.borsaitaliana.it/borsa/azioni/scheda/IT0004712375.html?lang=en,Salvatore Ferragamo,SFER,IT0004712375,MTA,Personal & Household Goods,"FTSE All-Share Capped, FTSE Italia All-Share, FTSE Italia Mid Cap, FTSE Italia All-Share Consumer Goods, FTSE Italia All-Share Personal and Household Goods"
https://www.borsaitaliana.it/borsa/azioni/scheda/IT0003549422.html?lang=en,Sanlorenzo,SL,IT0003549422,STAR,Personal & Household Goods,"FTSE All-Share Capped, FTSE Italia All-Share, FTSE Italia Mid Cap, FTSE Italia STAR, FTSE Italia All-Share Consumer Goods, FTSE Italia All-Share Personal and Household Goods"
https://www.borsaitaliana.it/borsa/azioni/global-equity-market/scheda/FR0000120578.html?lang=en,Sanofi,SANF,FR0000120578,GLOBAL EQUITY MARKET,,
https://www.borsaitaliana.it/borsa/azioni/global-equity-market/scheda/DE0007164600.html?lang=en,Sap,SAP,DE0007164600,GLOBAL EQUITY MARKET,,
https://www.borsaitaliana.it/borsa/azioni/scheda/IT0000433307.html?lang=en,Saras,SRS,IT0000433307,MTA,Oil & Gas,"FTSE All-Share Capped, FTSE Italia All-Share, FTSE Italia Mid Cap, FTSE Italia All-Share Oil and Gas, FTSE Italia All-Share Oil and Gas"
https://www.borsaitaliana.it/borsa/azioni/global-equity-market/scheda/FR0000121972.html?lang=en,Schneider Electric,SU,FR0000121972,GLOBAL EQUITY MARKET,,
https://www.borsaitaliana.it/borsa/azioni/aim-italia/scheda/IT0005340051.html?lang=en,Sciuker Frames,SCK,IT0005340051,AIM ITALIA,,FTSE AIM Italia
https://www.borsaitaliana.it/borsa/azioni/aim-italia/scheda/IT0005413510.html?lang=en,Sebino,SEB,IT0005413510,AIM ITALIA,,FTSE AIM Italia
https://www.borsaitaliana.it/borsa/azioni/scheda/IT0005283640.html?lang=en,Seri Industrial,SERI,IT0005283640,MTA,Industrial Goods & Services,"FTSE All-Share Capped, FTSE Italia All-Share, FTSE Italia Small Cap, FTSE Italia All-Share Industrials, FTSE Italia All-Share Industrial Goods and Services"
https://www.borsaitaliana.it/borsa/azioni/scheda/IT0003814537.html?lang=en,Servizi Italia,SRI,IT0003814537,STAR,Industrial Goods & Services,"FTSE All-Share Capped, FTSE Italia All-Share, FTSE Italia STAR, FTSE Italia Small Cap, FTSE Italia All-Share Industrials, FTSE Italia All-Share Industrial Goods and Services"
https://www.borsaitaliana.it/borsa/azioni/scheda/IT0004729759.html?lang=en,Sesa,SES,IT0004729759,STAR,Technology,"FTSE All-Share Capped, FTSE Italia All-Share, FTSE Italia Mid Cap, FTSE Italia STAR, FTSE Italia All-Share Technology, FTSE Italia All-Share Technology"
https://www.borsaitaliana.it/borsa/azioni/aim-italia/scheda/IT0005337172.html?lang=en,Sg Company,SGC,IT0005337172,AIM ITALIA,,FTSE AIM Italia
https://www.borsaitaliana.it/borsa/azioni/scheda/IT0003153621.html?lang=en,Tamburi Investment Partners,TIP,IT0003153621,STAR,Financial Services,"FTSE All-Share Capped, FTSE Italia All-Share, FTSE Italia Mid Cap, FTSE Italia STAR, FTSE Italia All-Share Financials, FTSE Italia All-Share Financial Services"
https://www.borsaitaliana.it/borsa/azioni/scheda/IT0001424644.html?lang=en,Tas,TAS,IT0001424644,MTA,Technology,"FTSE All-Share Capped, FTSE Italia All-Share, FTSE Italia Small Cap, FTSE Italia All-Share Technology, FTSE Italia All-Share Technology"
https://www.borsaitaliana.it/borsa/azioni/scheda/IT0005331001.html?lang=en,Techedge,EDGE,IT0005331001,MTA,Technology,"FTSE All-Share Capped, FTSE Italia All-Share, FTSE Italia Small Cap, FTSE Italia All-Share Technology, FTSE Italia All-Share Technology"
https://www.borsaitaliana.it/borsa/azioni/scheda/IT0005162406.html?lang=en,Technogym,TGYM,IT0005162406,MTA,Personal & Household Goods,"FTSE All-Share Capped, FTSE Italia All-Share, FTSE Italia Mid Cap, FTSE Italia All-Share Consumer Goods, FTSE Italia All-Share Personal and Household Goods"
https://www.borsaitaliana.it/borsa/azioni/scheda/IT0003497168.html?lang=en,Telecom Italia,TIT,IT0003497168,MTA,Telecommunications,"FTSE All-Share Capped, FTSE Italia All-Share, FTSE MIB, FTSE Italia All-Share Telecommunications, FTSE Italia All-Share Telecommunications"
https://www.borsaitaliana.it/borsa/azioni/scheda/IT0003497176.html?lang=en,Telecom Italia Rsp,TITR,IT0003497176,MTA,Telecommunications,
https://www.borsaitaliana.it/borsa/azioni/global-equity-market/scheda/ES0178430E18.html?lang=en,Telefonica,TEF,ES0178430E18,GLOBAL EQUITY MARKET,,
https://www.borsaitaliana.it/borsa/azioni/aim-italia/scheda/IT0005240046.html?lang=en,Telesia,TLS,IT0005240046,AIM ITALIA,,FTSE AIM Italia
https://www.borsaitaliana.it/borsa/azioni/scheda/LU0156801721.html?lang=en,Tenaris,TEN,LU0156801721,MTA,Basic Resources,"FTSE All-Share Capped, FTSE Italia All-Share, FTSE MIB, FTSE Italia All-Share Basic Materials, FTSE Italia All-Share Basic Resources"
https://www.borsaitaliana.it/borsa/azioni/scheda/IT0003242622.html?lang=en,Terna - Rete Elettrica Nazionale,TRN,IT0003242622,MTA,Utilities,"FTSE All-Share Capped, FTSE Italia All-Share, FTSE MIB, FTSE Italia All-Share Utilities, FTSE Italia All-Share Utilities"
https://www.borsaitaliana.it/borsa/azioni/global-equity-market/scheda/US88160R1014.html?lang=en,Tesla,TSLA,US88160R1014,GLOBAL EQUITY MARKET,,
https://www.borsaitaliana.it/borsa/azioni/scheda/IT0004585243.html?lang=en,Tesmec,TES,IT0004585243,STAR,Industrial Goods & Services,"FTSE All-Share Capped, FTSE Italia All-Share, FTSE Italia STAR, FTSE Italia Small Cap, FTSE Italia All-Share Industrials, FTSE Italia All-Share Industrial Goods and Services"
https://www.borsaitaliana.it/borsa/azioni/aim-italia/scheda/IT0005335754.html?lang=en,Thespac,TSPA,IT0005335754,AIM ITALIA,,FTSE AIM Italia
https://www.borsaitaliana.it/borsa/azioni/global-equity-market/scheda/DE0007500001.html?lang=en,Thyssenkrupp,TKA,DE0007500001,GLOBAL EQUITY MARKET,,
https://www.borsaitaliana.it/borsa/azioni/scheda/IT0005037210.html?lang=en,Tinexta,TNXT,IT0005037210,STAR,Financial Services,"FTSE All-Share Capped, FTSE Italia All-Share, FTSE Italia Mid Cap, FTSE Italia STAR, FTSE Italia All-Share Financials, FTSE Italia All-Share Financial Services"
https://www.borsaitaliana.it/borsa/azioni/scheda/IT0004513666.html?lang=en,Tiscali,TIS,IT0004513666,MTA,Technology,"FTSE All-Share Capped, FTSE Italia All-Share, FTSE Italia Small Cap, FTSE Italia All-Share Technology, FTSE Italia All-Share Technology"
https://www.borsaitaliana.it/borsa/azioni/scheda/IT0004659428.html?lang=en,Titanmet,TTT,IT0004659428,MTA,Financial Services,"FTSE All-Share Capped, FTSE Italia All-Share, FTSE Italia Small Cap, FTSE Italia All-Share Financials, FTSE Italia All-Share Financial Services"
https://www.borsaitaliana.it/borsa/azioni/scheda/IT0003007728.html?lang=en,Tod'S,TOD,IT0003007728,MTA,Personal & Household Goods,"FTSE All-Share Capped, FTSE Italia All-Share, FTSE Italia Mid Cap, FTSE Italia All-Share Consumer Goods, FTSE Italia All-Share Personal and Household Goods"
https://www.borsaitaliana.it/borsa/azioni/scheda/IT0000214293.html?lang=en,Toscana Aeroporti,TYA,IT0000214293,MTA,Industrial Goods & Services,
https://www.borsaitaliana.it/borsa/azioni/global-equity-market/scheda/FR0000120271.html?lang=en,Total,TOT,FR0000120271,GLOBAL EQUITY MARKET,,
https://www.borsaitaliana.it/borsa/azioni/scheda/IT0003487029.html?lang=en,Ubi Banca,UBI,IT0003487029,MTA,Banks,
https://www.borsaitaliana.it/borsa/azioni/aim-italia/scheda/IT0005380461.html?lang=en,Ucapital24,U24,IT0005380461,AIM ITALIA,,FTSE AIM Italia
https://www.borsaitaliana.it/borsa/azioni/scheda/IT0005239360.html?lang=en,Unicredit,UCG,IT0005239360,MTA,Banks,"FTSE All-Share Capped, FTSE Italia All-Share, FTSE MIB, FTSE Italia All-Share Financials, FTSE Italia All-Share Banks"
https://www.borsaitaliana.it/borsa/azioni/aim-italia/scheda/IT0005338840.html?lang=en,Unidata,UD,IT0005338840,AIM ITALIA,,FTSE AIM Italia
https://www.borsaitaliana.it/borsa/azioni/scheda/IT0005239881.html?lang=en,Unieuro,UNIR,IT0005239881,STAR,Retail,"FTSE All-Share Capped, FTSE Italia All-Share, FTSE Italia STAR, FTSE Italia Small Cap, FTSE Italia All-Share Consumer Services, FTSE Italia All-Share Retail"
https://www.borsaitaliana.it/borsa/azioni/global-equity-market/scheda/NL0000388619.html?lang=en,Unilever,UNA,NL0000388619,GLOBAL EQUITY MARKET,,
https://www.borsaitaliana.it/borsa/azioni/scheda/IT0004810054.html?lang=en,Unipol,UNI,IT0004810054,MTA,Insurance,"FTSE All-Share Capped, FTSE Italia All-Share, FTSE MIB, FTSE Italia All-Share Financials, FTSE Italia All-Share Insurance"
https://www.borsaitaliana.it/borsa/azioni/scheda/IT0004827447.html?lang=en,Unipolsai,US,IT0004827447,MTA,Insurance,"FTSE All-Share Capped, FTSE Italia All-Share, FTSE Italia Mid Cap, FTSE Italia All-Share Financials, FTSE Italia All-Share Insurance"
https://www.borsaitaliana.it/borsa/azioni/scheda/IT0001018362.html?lang=en,Valsoia,VLS,IT0001018362,MTA,Food & Beverage,"FTSE All-Share Capped, FTSE Italia All-Share, FTSE Italia Small Cap, FTSE Italia All-Share Consumer Goods, FTSE Italia All-Share Food and Beverage"
https://www.borsaitaliana.it/borsa/azioni/aim-italia/scheda/IT0005202277.html?lang=en,Vetrya,VTY,IT0005202277,AIM ITALIA,,FTSE AIM Italia
https://www.borsaitaliana.it/borsa/azioni/scheda/IT0003127898.html?lang=en,Vianini,VIA,IT0003127898,MTA,Construction & Materials,
https://www.borsaitaliana.it/borsa/azioni/aim-italia/scheda/IT0004717200.html?lang=en,Vimi Fasteners,VIM,IT0004717200,AIM ITALIA,,FTSE AIM Italia
https://www.borsaitaliana.it/borsa/azioni/global-equity-market/scheda/FR0000125486.html?lang=en,Vinci,DG,FR0000125486,GLOBAL EQUITY MARKET,,
https://www.borsaitaliana.it/borsa/azioni/aim-italia/scheda/IT0005365223.html?lang=en,Visibilia Editore,VE,IT0005365223,AIM ITALIA,,FTSE AIM Italia
https://www.borsaitaliana.it/borsa/azioni/global-equity-market/scheda/FR0000127771.html?lang=en,Vivendi,VIV,FR0000127771,GLOBAL EQUITY MARKET,,
https://www.borsaitaliana.it/borsa/azioni/global-equity-market/scheda/DE0007664039.html?lang=en,Volkswagen,VOW3,DE0007664039,GLOBAL EQUITY MARKET,,
https://www.borsaitaliana.it/borsa/azioni/global-equity-market/scheda/DE000A1ML7J1.html?lang=en,Vonovia,VNA,DE000A1ML7J1,GLOBAL EQUITY MARKET,,
https://www.borsaitaliana.it/borsa/azioni/warrant/scheda/IT0005421745.html?lang=en,Warr 4aim Sicaf 2020-2023,WR4AIM,IT0005421745,,,
https://www.borsaitaliana.it/borsa/azioni/warrant/scheda/IT0005322786.html?lang=en,Warr Agatos 2018-2023,WAGA23,IT0005322786,,,
https://www.borsaitaliana.it/borsa/azioni/warrant/scheda/IT0005245607.html?lang=en,Warr Alfio Bardolla 2017-2027,WABTG,IT0005245607,,,
https://www.borsaitaliana.it/borsa/azioni/warrant/scheda/IT0005278210.html?lang=en,Warr Ambromobiliare 2017-2020,WAMB20,IT0005278210,,,
https://www.borsaitaliana.it/borsa/azioni/warrant/scheda/IT0005367435.html?lang=en,Warr Amm 2019-2022,WAMM22,IT0005367435,,,
https://www.borsaitaliana.it/borsa/azioni/warrant/scheda/IT0005366551.html?lang=en,Warr Antares Vision,WAV,IT0005366551,,,
https://www.borsaitaliana.it/borsa/azioni/warrant/scheda/IT0005241200.html?lang=en,Warr Aquafil,WECNL,IT0005241200,,,
https://www.borsaitaliana.it/borsa/azioni/warrant/scheda/IT0005386351.html?lang=en,Warr Arterra Bioscience 2019-2022,WABS22,IT0005386351,,,
https://www.borsaitaliana.it/borsa/azioni/warrant/scheda/IT0005337065.html?lang=en,Warr Askoll Eva 2018-2021,WEVA21,IT0005337065,,,
https://www.borsaitaliana.it/borsa/azioni/warrant/scheda/IT0005244592.html?lang=en,Warr Cellularline,WCELL,IT0005244592,,,
https://www.borsaitaliana.it/borsa/azioni/warrant/scheda/IT0005272965.html?lang=en,Warr Cft,WCFT,IT0005272965,,,
https://www.borsaitaliana.it/borsa/azioni/warrant/scheda/IT0005091340.html?lang=en,Warr Clabo 2015-2021,WCL21,IT0005091340,,,
https://www.borsaitaliana.it/borsa/azioni/warrant/scheda/IT0005350654.html?lang=en,Warr Clabo 2018-2021,WCLA21,IT0005350654,,,
https://www.borsaitaliana.it/borsa/azioni/warrant/scheda/IT0005377376.html?lang=en,Warr Cleanbnb 2019-2022,WCBB22,IT0005377376,,,
https://www.borsaitaliana.it/borsa/azioni/warrant/scheda/IT0005358541.html?lang=en,Warr Comer Industries 2019-2021,WCOM21,IT0005358541,,,
https://www.borsaitaliana.it/borsa/azioni/warrant/scheda/IT0005379372.html?lang=en,Warr Copernico 2019-2022,WCOP22,IT0005379372,,,
https://www.borsaitaliana.it/borsa/azioni/warrant/scheda/IT0005355372.html?lang=en,Warr Crowdfundme 2019-2021,WCFM21,IT0005355372,,,
https://www.borsaitaliana.it/borsa/azioni/warrant/scheda/IT0005383663.html?lang=en,Warr Cyberoo 2019-2023,WCYB23,IT0005383663,,,
https://www.borsaitaliana.it/borsa/azioni/warrant/scheda/LU1588548724.html?lang=en,Warr D'Amico 2017-2022,WDIS22,LU1588548724,,,
https://www.borsaitaliana.it/borsa/azioni/warrant/scheda/IT0005313017.html?lang=en,Warr Dba Group 2017-2021,WDBA21,IT0005313017,,,
https://www.borsaitaliana.it/borsa/azioni/scheda/IT0004171440.html?lang=en,Zignago Vetro,ZV,IT0004171440,STAR,Industrial Goods & Services,"FTSE All-Share Capped, FTSE Italia All-Share, FTSE Italia Mid Cap, FTSE Italia STAR, FTSE Italia All-Share Industrials, FTSE Italia All-Share Industrial Goods and Services"
https://www.borsaitaliana.it/borsa/azioni/scheda/IT0005395071.html?lang=en,Zucchi,ZUC,IT0005395071,MTA,Personal & Household Goods,"FTSE All-Share Capped, FTSE Italia All-Share, FTSE Italia Small Cap, FTSE Italia All-Share Consumer Goods, FTSE Italia All-Share Personal and Household Goods"
